{"ProtoVersion":"V2_6", "WorkflowID":"3484dbc0-3a19-4457-9dd9-9b72819e0690", "WorkflowName":"AI-HR智能助手【子节点】", "WorkflowDesc":"任务描述: 该循环节点用于依次循环输出一组预先给定的URL链接，确保每个URL都被遍历一次。 示例问题: \"请循环输出以下URL：'https://example.com', 'https://test.com', 'https://demo.com'\"", "Nodes":[{"NodeID":"18ddbd05-8210-f8d2-ba9d-580492ffb08e", "NodeName":"开始", "NodeDesc":"", "NodeType":"START", "StartNodeData":{"WorkflowParams":[]}, "Inputs":[{"Name":"resumeFile", "Type":"STRING", "Desc":"", "IsRequired":true, "SubInputs":[], "DefaultValue":"", "DefaultFileName":""}], "Outputs":[], "NextNodeIDs":["f31ab022-6dbe-6ecd-7c1d-c4be30ff8e76"], "NodeUI":"{\"data\":{\"content\":{\"inputs\":[\"resumeFile\"]},\"isHovering\":false,\"isParallel\":false,\"source\":false,\"target\":true,\"debug\":null,\"error\":false,\"output\":[{\"id\":\"743ac0a0-b3ad-c244-8d60-1a687aede450\",\"value\":\"resumeFile\",\"label\":\"resumeFile\",\"type\":\"STRING\",\"children\":[]}]},\"position\":{\"x\":-1231,\"y\":-92},\"targetPosition\":\"left\",\"sourcePosition\":\"right\",\"selected\":false,\"measured\":{\"width\":254,\"height\":88},\"dragging\":false}"}, {"NodeID":"4fe8655a-5652-ae75-61f7-c8ba1c071cce", "NodeName":"结束", "NodeDesc":"", "NodeType":"END", "Inputs":[], "Outputs":[{"Title":"Output", "Type":"OBJECT", "Required":[], "Properties":[{"Title":"answer", "Type":"STRING", "Required":[], "Properties":[], "Desc":"", "Value":{"InputType":"REFERENCE_OUTPUT", "Reference":{"NodeID":"f31ab022-6dbe-6ecd-7c1d-c4be30ff8e76", "JsonPath":"Output.Data.Answer"}}, "AnalysisMethod":"COVER"}], "Desc":"输出内容", "AnalysisMethod":"COVER"}], "NextNodeIDs":[], "NodeUI":"{\"data\":{\"content\":{\"outputs\":[\"Output\",\"Output.answer\"]},\"isHovering\":false,\"isParallel\":false,\"source\":true,\"target\":false,\"debug\":null,\"error\":false,\"output\":[{\"id\":\"12348fad-50ac-d517-30c0-46569df2572b\",\"value\":\"Output\",\"label\":\"Output\",\"_uiId\":\"5dbad4f8-3993-e608-9559-3bcc1061947c\",\"type\":\"OBJECT\",\"children\":[{\"id\":\"0658704c-2db5-96dc-e675-9414eeb2a1bf\",\"value\":\"answer\",\"label\":\"answer\",\"_uiId\":\"9e61356b-c3bd-3871-ed8b-7e1e8f42882a\",\"type\":\"STRING\",\"children\":[]}]}]},\"position\":{\"x\":-415.7022015537503,\"y\":-91.83744407794667},\"targetPosition\":\"left\",\"sourcePosition\":\"right\",\"selected\":false,\"measured\":{\"width\":254,\"height\":88},\"dragging\":false}"}, {"NodeID":"f31ab022-6dbe-6ecd-7c1d-c4be30ff8e76", "NodeName":"DocParsingQA1", "NodeDesc":"支持输入文档和问题，根据文档内容回答问题", "NodeType":"PLUGIN", "PluginNodeData":{"PluginType":"OFFICIAL", "PluginID":"7a8d9c0e-1f2a-4b3c-8d4e-5f6a7b8c9d0e", "ToolID":"8a8c9d0e-1f2a-4b3c-8d4e-5f6a7b8c9d0f", "ToolInputs":{"API":{"URL":"", "Method":"POST", "authType":"NONE", "KeyLocation":"HEADER", "KeyParamName":"", "KeyParamValue":"", "CallingMethod":"NON_STREAMING"}, "Header":[], "Query":[], "Body":[{"ParamName":"DocUrl", "ParamDesc":"文件的Url地址", "ParamType":"STRING", "Input":{"InputType":"REFERENCE_OUTPUT", "Reference":{"NodeID":"18ddbd05-8210-f8d2-ba9d-580492ffb08e", "JsonPath":"resumeFile"}}, "IsRequired":true, "SubParams":[], "IsSecretField":false, "ParamTypeOf":[]}, {"ParamName":"Query", "ParamDesc":"用户的query", "ParamType":"STRING", "Input":{"InputType":"SYSTEM_VARIABLE", "SystemVariable":{"Name":"SYS.UserQuery", "DialogHistoryLimit":15}}, "IsRequired":false, "SubParams":[], "IsSecretField":false, "ParamTypeOf":[]}, {"ParamName":"FileStartPageNumber", "ParamDesc":"文档的起始页码", "ParamType":"INT", "Input":{"InputType":"USER_INPUT", "UserInputValue":{"Values":["1"]}}, "IsRequired":false, "SubParams":[], "IsSecretField":false, "ParamTypeOf":[]}, {"ParamName":"FileEndPageNumber", "ParamDesc":"文档的结束页码", "ParamType":"INT", "Input":{"InputType":"USER_INPUT", "UserInputValue":{"Values":["100"]}}, "IsRequired":false, "SubParams":[], "IsSecretField":false, "ParamTypeOf":[]}], "RawText":"", "ToolBodyType":"JSON", "Input":[], "ToolOutputFormatVersion":0}, "PluginCreateType":"SERVICE", "EnableRoleAuth":false}, "Inputs":[], "Outputs":[{"Title":"Output", "Type":"OBJECT", "Required":[], "Properties":[{"Title":"Code", "Type":"INT", "Required":[], "Properties":[], "Desc":"返回码。0正常，非0异常", "AnalysisMethod":"COVER"}, {"Title":"Msg", "Type":"STRING", "Required":[], "Properties":[], "Desc":"返回信息。Code为0：success，Code非0:异常信息", "AnalysisMethod":"COVER"}, {"Title":"Data", "Type":"OBJECT", "Required":[], "Properties":[{"Title":"Answer", "Type":"STRING", "Required":[], "Properties":[], "Desc":"回复内容", "AnalysisMethod":"COVER"}], "Desc":"返回数据。Code为0：Answer，Code非0：{}", "AnalysisMethod":"COVER"}], "Desc":"输出内容", "AnalysisMethod":"COVER"}], "NextNodeIDs":["4fe8655a-5652-ae75-61f7-c8ba1c071cce"], "NodeUI":"{\"data\":{\"content\":{\"inputs\":[\"DocUrl\",\"Query\",\"FileStartPageNumber\",\"FileEndPageNumber\"],\"outputs\":[\"Output\",\"Output.Code\",\"Output.Msg\",\"Output.Data\",\"Output.Data.Answer\"]},\"isHovering\":false,\"isParallel\":false,\"source\":true,\"target\":true,\"debug\":null,\"error\":false,\"output\":[{\"id\":\"5451797e-dce3-f89a-4c82-61f8d250ec47\",\"value\":\"Output\",\"label\":\"Output\",\"_uiId\":\"f59c6949-30bd-d35d-d249-0099645525c8\",\"type\":\"OBJECT\",\"children\":[{\"id\":\"9d81aba5-c556-1cd6-0f12-60300062e15f\",\"value\":\"Code\",\"label\":\"Code\",\"_uiId\":\"2c1976ef-e1bd-c133-1484-e6415f41a696\",\"type\":\"INT\",\"children\":[]},{\"id\":\"850bb057-ec0e-8574-6190-4220e3a6648a\",\"value\":\"Msg\",\"label\":\"Msg\",\"_uiId\":\"c70e58a3-a23b-f2b8-4c1d-978d8d135bf0\",\"type\":\"STRING\",\"children\":[]},{\"id\":\"d992061d-2807-eacc-1d7e-18ed93ce02d9\",\"value\":\"Data\",\"label\":\"Data\",\"_uiId\":\"5e4a9300-6f99-97ce-5cae-6c6f6fd6ebb3\",\"type\":\"OBJECT\",\"children\":[{\"id\":\"14957401-af93-e80d-78ef-8e331379a0a8\",\"value\":\"Answer\",\"label\":\"Answer\",\"_uiId\":\"3ab735a4-7aaa-848c-cf85-2132f698d964\",\"type\":\"STRING\",\"children\":[]}]}]}],\"schema\":{\"Header\":{},\"Body\":{\"DocUrl\":{\"type\":\"STRING\",\"isRequired\":true,\"desc\":\"文件的Url地址\"},\"Query\":{\"type\":\"STRING\",\"isRequired\":false,\"desc\":\"用户的query\"},\"FileStartPageNumber\":{\"type\":\"INT\",\"isRequired\":false,\"desc\":\"文档的起始页码\"},\"FileEndPageNumber\":{\"type\":\"INT\",\"isRequired\":false,\"desc\":\"文档的结束页码\"}},\"Query\":{}}},\"position\":{\"x\":-862,\"y\":-93},\"targetPosition\":\"left\",\"sourcePosition\":\"right\",\"selected\":false,\"measured\":{\"width\":254,\"height\":144},\"dragging\":false}", "ExceptionHandling":{"Switch":"OFF", "MaxRetries":"3", "RetryInterval":"1", "AbnormalOutputResult":"", "HandleMethod":"EXCEPTION_OUTPUT", "NextNodeIDs":[]}}], "Edge":"[{\"source\":\"18ddbd05-8210-f8d2-ba9d-580492ffb08e\",\"sourceHandle\":\"18ddbd05-8210-f8d2-ba9d-580492ffb08e-source\",\"target\":\"f31ab022-6dbe-6ecd-7c1d-c4be30ff8e76\",\"targetHandle\":\"f31ab022-6dbe-6ecd-7c1d-c4be30ff8e76-target\",\"type\":\"custom\",\"data\":{\"connectedNodeIsHovering\":false,\"error\":false,\"isHovering\":false},\"id\":\"xy-edge__18ddbd05-8210-f8d2-ba9d-580492ffb08e18ddbd05-8210-f8d2-ba9d-580492ffb08e-source-f31ab022-6dbe-6ecd-7c1d-c4be30ff8e76f31ab022-6dbe-6ecd-7c1d-c4be30ff8e76-target\",\"selected\":false,\"animated\":false},{\"source\":\"f31ab022-6dbe-6ecd-7c1d-c4be30ff8e76\",\"sourceHandle\":\"f31ab022-6dbe-6ecd-7c1d-c4be30ff8e76-source\",\"target\":\"4fe8655a-5652-ae75-61f7-c8ba1c071cce\",\"targetHandle\":\"4fe8655a-5652-ae75-61f7-c8ba1c071cce-target\",\"type\":\"custom\",\"data\":{\"connectedNodeIsHovering\":false,\"error\":false,\"isHovering\":false},\"id\":\"xy-edge__f31ab022-6dbe-6ecd-7c1d-c4be30ff8e76f31ab022-6dbe-6ecd-7c1d-c4be30ff8e76-source-4fe8655a-5652-ae75-61f7-c8ba1c071cce4fe8655a-5652-ae75-61f7-c8ba1c071cce-target\",\"selected\":false,\"animated\":false}]", "Mode":"NORMAL", "ReleaseTime":""}