{"ProtoVersion":"V2_6", "WorkflowID":"5fe5ecb3-82de-4080-be25-99ecbf79de96", "WorkflowName":"AI-HR智能助手", "WorkflowDesc":"任务描述: 当HR或面试官需批量上传或输入多位候选人简历，依据特定岗位的详细职责、技能、经验等要求，全面综合比对后，筛选出与岗位匹配度最高的前几位候选人时，触发此简历评审流程。\n示例问题: &#34;帮我比较这三份简历，看哪个最适合Java后端开发岗位。&#34;、&#34;我这里有5份简历，请根据产品经理职位描述筛选出最合适的前3名。&#34;、&#34;对这几份简历进行评审，得出最终的评审结果&#34;", "Nodes":[{"NodeID":"18ddbd05-8210-f8d2-ba9d-580492ffb08e", "NodeName":"开始", "NodeDesc":"", "NodeType":"START", "StartNodeData":{"WorkflowParams":[]}, "Inputs":[], "Outputs":[], "NextNodeIDs":["fea0a1b9-df00-2557-1fe0-6e824ecb0905"], "NodeUI":"{\"data\":{\"content\":{\"inputs\":[]},\"isHovering\":false,\"isParallel\":false,\"source\":false,\"target\":true,\"debug\":null,\"error\":false,\"output\":[]},\"position\":{\"x\":-2985.5409700713867,\"y\":-913.8517630027239},\"targetPosition\":\"left\",\"sourcePosition\":\"right\",\"selected\":false,\"measured\":{\"width\":254,\"height\":88},\"dragging\":false}"}, {"NodeID":"4fe8655a-5652-ae75-61f7-c8ba1c071cce", "NodeName":"结束", "NodeDesc":"", "NodeType":"END", "Inputs":[], "Outputs":[{"Title":"Output", "Type":"OBJECT", "Required":[], "Properties":[{"Title":"msg", "Type":"STRING", "Required":[], "Properties":[], "Desc":"", "Value":{"InputType":"REFERENCE_OUTPUT", "Reference":{"NodeID":"c3884ec4-b718-037f-8da3-b18394e92d01", "JsonPath":"Output.msg"}}, "AnalysisMethod":"COVER"}], "Desc":"输出内容", "AnalysisMethod":"COVER"}], "NextNodeIDs":[], "NodeUI":"{\"data\":{\"content\":{\"outputs\":[\"Output\",\"Output.msg\"]},\"isHovering\":false,\"isParallel\":false,\"source\":true,\"target\":false,\"debug\":null,\"error\":false,\"output\":[{\"id\":\"37cb9aec-5f8f-419c-1f58-649f54ad03f8\",\"value\":\"Output\",\"label\":\"Output\",\"_uiId\":\"9ba20655-9f75-8d64-e6d4-74f62628c393\",\"type\":\"OBJECT\",\"children\":[{\"id\":\"a6388d19-066a-d70e-a884-cf95f37e7dbf\",\"value\":\"msg\",\"label\":\"msg\",\"_uiId\":\"b96a067b-513e-8e19-222e-dae233f2d68c\",\"type\":\"STRING\",\"children\":[]}]}]},\"position\":{\"x\":-775.4907393066494,\"y\":-884.2316937721176},\"targetPosition\":\"left\",\"sourcePosition\":\"right\",\"selected\":false,\"measured\":{\"width\":254,\"height\":88},\"dragging\":false}"}, {"NodeID":"9883760b-759b-7da4-9381-1dea3b1a9ee5", "NodeName":"潜力眼", "NodeDesc":"", "NodeType":"LLM_KNOWLEDGE_QA", "LLMKnowledgeQANodeData":{"Query":"请提供{{user_requirements}}和{{answer}}简历文本，我将立即开始分析。", "ModelName":"cs-normal-70b", "Filter":"ALL", "DocIDs":[], "DocBizIDs":[], "AllQA":false, "DocRecallCount":10, "DocConfidence":0.01, "QARecallCount":3, "QAConfidence":0.7, "SearchStrategy":{"StrategyType":"MIXING", "TableEnhancement":false}, "AllKnowledge":true, "KnowledgeList":[{"KnowledgeBizID":"", "KnowledgeType":"DEFAULT", "Filter":"ALL", "CateIDs":[], "CateBizIDs":[], "DocIDs":[], "DocBizIDs":[], "AllQA":false, "Labels":{"Operator":"AND", "Labels":[]}}], "SystemPrompt":"请按照用户要求，对上传的简历文件逐一进行分析与对比，每份简历需独立输出其具体内容，并明确标注其中的人名，同时为每份简历提供独立的评价。", "ModelParams":{"Temperature":0.7, "TopP":0.6, "MaxTokens":4000, "StopSequences":[], "ReplyFormat":""}}, "Inputs":[{"Name":"user_requirements", "Type":"STRING", "Input":{"InputType":"REFERENCE_OUTPUT", "Reference":{"NodeID":"fea0a1b9-df00-2557-1fe0-6e824ecb0905", "JsonPath":"Output.message"}}, "Desc":"", "IsRequired":false, "SubInputs":[], "DefaultValue":"", "DefaultFileName":""}, {"Name":"answer", "Type":"ARRAY_OBJECT", "Input":{"InputType":"REFERENCE_OUTPUT", "Reference":{"NodeID":"d9f5059d-d8fe-10a7-0a36-4455babd11ff", "JsonPath":"Output.Results"}}, "Desc":"", "IsRequired":false, "SubInputs":[], "DefaultValue":"", "DefaultFileName":""}], "Outputs":[], "NextNodeIDs":["c3884ec4-b718-037f-8da3-b18394e92d01"], "NodeUI":"{\"data\":{\"content\":\"用户问题：请提供{{user_requirements}}和{{answer}}简历文本，我将立即开始分析。\",\"isHovering\":false,\"isParallel\":false,\"source\":true,\"target\":true,\"debug\":null,\"error\":false,\"output\":[{\"label\":\"Output\",\"desc\":\"输出内容\",\"optionType\":\"REFERENCE_OUTPUT\",\"type\":\"OBJECT\",\"children\":[]}],\"displayPrompt\":\"<p>请提供<span data-w-e-type=\\\"slot\\\" data-w-e-is-void=\\\"\\\" data-w-e-is-inline=\\\"\\\" data-value=\\\"user_requirements\\\">{{user_requirements}}</span>和<span data-w-e-type=\\\"slot\\\" data-w-e-is-void=\\\"\\\" data-w-e-is-inline=\\\"\\\" data-value=\\\"answer\\\">{{answer}}</span>简历文本，我将立即开始分析。</p>\"},\"position\":{\"x\":-1483.5853548828277,\"y\":-714.597695288654},\"targetPosition\":\"left\",\"sourcePosition\":\"right\",\"selected\":false,\"measured\":{\"width\":254,\"height\":128},\"dragging\":false}", "ExceptionHandling":{"Switch":"OFF", "MaxRetries":"3", "RetryInterval":"1", "AbnormalOutputResult":"", "HandleMethod":"EXCEPTION_OUTPUT", "NextNodeIDs":[]}}, {"NodeID":"d9f5059d-d8fe-10a7-0a36-4455babd11ff", "NodeName":"循环子节点，解析URL", "NodeDesc":"", "NodeType":"ITERATION", "IterationNodeData":{"BodyType":"WORKFLOW", "WorkflowID":"3b2c26c6-05ff-4d6b-baa2-38192bddfdf6", "RefInputs":[{"Name":"resumeFile", "Type":"STRING", "Input":{"InputType":"NODE_INPUT_PARAM", "NodeInputParamName":"resumeFiles.Item"}, "Desc":"", "IsRequired":true, "SubInputs":[], "DefaultValue":"", "DefaultFileName":""}], "IterationMode":"ALL", "Condition":{"LogicalOperator":"UNSPECIFIED", "Compound":[], "Comparison":{"Left":{"InputType":"CUSTOM_VARIABLE", "CustomVarID":""}, "LeftType":"STRING", "Operator":"UNSPECIFIED", "Right":{"InputType":"CUSTOM_VARIABLE", "CustomVarID":""}, "MatchType":"SEMANTIC"}}, "SpecifiedTraversalVariable":"resumeFiles", "EnableChatHistory":false}, "Inputs":[{"Name":"resumeFiles", "Type":"ARRAY_STRING", "Input":{"InputType":"REFERENCE_OUTPUT", "Reference":{"NodeID":"fea0a1b9-df00-2557-1fe0-6e824ecb0905", "JsonPath":"Output.resumeFiles"}}, "Desc":"", "IsRequired":false, "SubInputs":[], "DefaultValue":"", "DefaultFileName":""}], "Outputs":[], "NextNodeIDs":["9883760b-759b-7da4-9381-1dea3b1a9ee5"], "NodeUI":"{\"data\":{\"content\":{\"iterationType\":\"遍历全部元素\",\"workflowRefNodeName\":\"AI-HR智能助手【子节点】\"},\"isHovering\":false,\"isParallel\":false,\"source\":true,\"target\":true,\"debug\":null,\"error\":false,\"output\":[{\"label\":\"Output\",\"desc\":\"输出内容\",\"optionType\":\"REFERENCE_OUTPUT\",\"type\":\"OBJECT\",\"children\":[]}]},\"position\":{\"x\":-1876.0000002272313,\"y\":-705.9999998553983},\"targetPosition\":\"left\",\"sourcePosition\":\"right\",\"selected\":false,\"measured\":{\"width\":254,\"height\":128},\"dragging\":false}"}, {"NodeID":"c3884ec4-b718-037f-8da3-b18394e92d01", "NodeName":"将评审的数据信息存储在数据库", "NodeDesc":"", "NodeType":"TOOL", "ToolNodeData":{"API":{"URL":"https://mcs.u3w.com/api/chat/workflow/callback", "Method":"POST", "authType":"NONE", "KeyLocation":"HEADER", "KeyParamName":"", "KeyParamValue":"", "CallingMethod":"NON_STREAMING"}, "Header":[], "Query":[], "Body":[{"ParamName":"result", "ParamDesc":"", "ParamType":"STRING", "Input":{"InputType":"REFERENCE_OUTPUT", "Reference":{"NodeID":"9883760b-759b-7da4-9381-1dea3b1a9ee5", "JsonPath":"Output.Answer"}}, "IsRequired":false, "SubParams":[], "IsSecretField":false, "ParamTypeOf":[]}, {"ParamName":"sessionId", "ParamDesc":"", "ParamType":"STRING", "Input":{"InputType":"REFERENCE_OUTPUT", "Reference":{"NodeID":"fea0a1b9-df00-2557-1fe0-6e824ecb0905", "JsonPath":"Output.sessionId"}}, "IsRequired":false, "SubParams":[], "IsSecretField":false, "ParamTypeOf":[]}, {"ParamName":"messageId", "ParamDesc":"", "ParamType":"STRING", "Input":{"InputType":"SYSTEM_VARIABLE", "SystemVariable":{"Name":"SYS.RequestId", "DialogHistoryLimit":15}}, "IsRequired":false, "SubParams":[], "IsSecretField":false, "ParamTypeOf":[]}], "RawText":"", "ToolBodyType":"JSON", "Input":[], "ToolOutputFormatVersion":0}, "Inputs":[], "Outputs":[{"Title":"Output", "Type":"OBJECT", "Required":[], "Properties":[{"Title":"msg", "Type":"STRING", "Required":[], "Properties":[], "Desc":"", "AnalysisMethod":"COVER"}], "Desc":"输出内容", "AnalysisMethod":"COVER"}], "NextNodeIDs":["4fe8655a-5652-ae75-61f7-c8ba1c071cce"], "NodeUI":"{\"data\":{\"content\":{\"inputs\":[\"result\",\"sessionId\",\"messageId\"],\"outputs\":[\"Output\",\"Output.msg\"]},\"isHovering\":false,\"isParallel\":false,\"source\":true,\"target\":true,\"debug\":null,\"error\":false,\"output\":[{\"id\":\"a5a481ca-c303-f16a-8f7f-ddef0248d2ee\",\"value\":\"Output\",\"label\":\"Output\",\"_uiId\":\"0f887d14-a7e1-7cc3-33e0-23f987199a0b\",\"type\":\"OBJECT\",\"children\":[{\"id\":\"95b62156-ed17-2148-0444-65636e608090\",\"value\":\"msg\",\"label\":\"msg\",\"_uiId\":\"6776bf0d-78b3-95a5-289a-0ed41d518d73\",\"type\":\"STRING\",\"children\":[]}]}]},\"position\":{\"x\":-1112.763653812798,\"y\":-717.5268277736482},\"targetPosition\":\"left\",\"sourcePosition\":\"right\",\"selected\":false,\"measured\":{\"width\":254,\"height\":128},\"dragging\":false}", "ExceptionHandling":{"Switch":"OFF", "MaxRetries":"3", "RetryInterval":"1", "AbnormalOutputResult":"", "HandleMethod":"EXCEPTION_OUTPUT", "NextNodeIDs":[]}}, {"NodeID":"fea0a1b9-df00-2557-1fe0-6e824ecb0905", "NodeName":"将上传的文件转为url数组", "NodeDesc":"", "NodeType":"CODE_EXECUTOR", "CodeExecutorNodeData":{"Code":"import re\nimport json\nfrom typing import Dict, List, Any\n\ndef main(params: Dict[str, Any]) -> Dict[str, Any]:\n    \"\"\"\n    处理输入参数，提取所需的sessionId、消息和resumeFiles数组\n    如果resumeFiles为空，则添加isEmptyResumeFiles标记\n    \"\"\"\n    try:\n        # 1. 获取用户查询\n        user_query = params.get('user_query', '') or params.get('UserQuery', '') or params.get('query', '')\n        \n        if not user_query:\n            # 如果参数中没有user_query，尝试从其他字段查找\n            for key, value in params.items():\n                if isinstance(value, str) and ('[SID:' in value or '[RESUMES:' in value):\n                    user_query = value\n                    break\n        \n        if not user_query:\n            # 如果仍然没有找到，将整个参数字典转为字符串\n            user_query = str(params)\n        \n        print(f\"原始输入: {user_query[:200]}...\")\n        \n        # 2. 提取SID\n        session_id = \"\"\n        sid_match = re.search(r'\\[SID:([^\\]]+)\\]', user_query)\n        if sid_match:\n            session_id = sid_match.group(1)\n            print(f\"提取到SID: {session_id}\")\n        \n        # 3. 提取消息文本\n        message_text = \"\"\n        \n        # 先移除SID部分\n        temp_str = re.sub(r'\\[SID:[^\\]]+\\]', '', user_query)\n        \n        # 再移除RESUMES部分\n        temp_str = re.sub(r'\\[RESUMES?:[^\\]]+\\]', '', temp_str, flags=re.IGNORECASE)\n        \n        # 清理空白字符\n        message_text = temp_str.strip()\n        \n        # 如果消息为空，尝试从常见字段获取\n        if not message_text:\n            for field in ['message', 'content', 'text', 'query', 'input']:\n                if field in params and params[field]:\n                    message_text = str(params[field]).strip()\n                    if message_text:\n                        break\n        \n        print(f\"提取到消息: {message_text[:100]}...\")\n        \n        # 4. 提取文件URL数组\n        resume_files = []\n        \n        # 从[RESUMES:...]中提取URL\n        resumes_match = re.search(r'\\[RESUMES?:([^\\]]+)\\]', user_query, re.IGNORECASE)\n        if resumes_match:\n            urls_str = resumes_match.group(1)\n            # 按逗号分割URL\n            urls = [url.strip() for url in urls_str.split(',') if url.strip()]\n            resume_files.extend(urls)\n            print(f\"从[RESUMES]提取到{len(urls)}个文件URL\")\n        \n        # 如果没有从[RESUMES]中找到，尝试从字符串中提取所有URL\n        if not resume_files:\n            url_pattern = r'https?://[^\\s,;]+'\n            all_urls = re.findall(url_pattern, user_query)\n            # 过滤出可能是文件URL的链接\n            file_urls = [url for url in all_urls if any(ext in url.lower() for ext in ['.pdf', '.doc', '.docx', '.txt', '.rtf', '.jpg', '.png', '.jpeg'])]\n            resume_files.extend(file_urls)\n        \n        # 5. 判断resumeFiles是否为空并添加标记\n        isEmptyResumeFiles = len(resume_files) == 0\n        \n        # 6. 返回结果\n        result = {\n            \"sessionId\": session_id,\n            \"message\": message_text,\n            \"resumeFiles\": resume_files,\n            \"isEmptyResumeFiles\": isEmptyResumeFiles  # 添加为空标记\n        }\n        \n        print(f\"解析结果: sessionId={session_id}, 消息长度={len(message_text)}, 简历文件数={len(resume_files)}, 是否为空: {isEmptyResumeFiles}\")\n        \n        return result\n        \n    except Exception as e:\n        print(f\"处理参数时出错: {str(e)}\")\n        return {\n            \"sessionId\": \"\",\n            \"message\": f\"处理参数时出错: {str(e)}\",\n            \"resumeFiles\": [],\n            \"isEmptyResumeFiles\": True  # 出错时也标记为空\n        }", "Language":"PYTHON3"}, "Inputs":[{"Name":"user_query", "Type":"STRING", "Input":{"InputType":"SYSTEM_VARIABLE", "SystemVariable":{"Name":"SYS.UserQuery", "DialogHistoryLimit":15}}, "Desc":"", "IsRequired":false, "SubInputs":[], "DefaultValue":"", "DefaultFileName":""}], "Outputs":[{"Title":"Output", "Type":"OBJECT", "Required":[], "Properties":[{"Title":"resumeFiles", "Type":"ARRAY_STRING", "Required":[], "Properties":[], "Desc":"", "AnalysisMethod":"COVER"}, {"Title":"sessionId", "Type":"STRING", "Required":[], "Properties":[], "Desc":"", "AnalysisMethod":"COVER"}, {"Title":"message", "Type":"STRING", "Required":[], "Properties":[], "Desc":"", "AnalysisMethod":"COVER"}, {"Title":"isEmptyResumeFiles", "Type":"BOOL", "Required":[], "Properties":[], "Desc":"", "AnalysisMethod":"COVER"}], "Desc":"输出内容", "AnalysisMethod":"COVER"}], "NextNodeIDs":["c01965be-8917-ddce-a471-4cc93b0deff6"], "NodeUI":"{\"data\":{\"content\":{\"outputs\":[\"Output\",\"Output.resumeFiles\",\"Output.sessionId\",\"Output.message\",\"Output.isEmptyResumeFiles\"],\"inputs\":[\"user_query\"]},\"isHovering\":false,\"isParallel\":false,\"source\":true,\"target\":true,\"debug\":null,\"error\":false,\"output\":[{\"id\":\"65348e97-8bb9-2d3b-7593-c60d789cbdea\",\"value\":\"Output\",\"label\":\"Output\",\"_uiId\":\"371f3928-6542-00aa-5ec7-7c7ff30a7921\",\"type\":\"OBJECT\",\"children\":[{\"id\":\"973fe4d6-c72d-1380-76d2-4682d92d56b8\",\"value\":\"resumeFiles\",\"label\":\"resumeFiles\",\"_uiId\":\"0ffa82de-3654-123d-1a1a-f1adf7c4b9fc\",\"type\":\"ARRAY_STRING\",\"children\":[]},{\"id\":\"6b3714d4-bcd2-7a0e-f159-4f3df6620d81\",\"value\":\"sessionId\",\"label\":\"sessionId\",\"_uiId\":\"34b165af-b686-582b-3afb-a0a4bd52d903\",\"type\":\"STRING\",\"children\":[]},{\"id\":\"640608b4-2cf0-519f-0604-3101771faa9e\",\"value\":\"message\",\"label\":\"message\",\"_uiId\":\"24c48e81-b2c8-54b7-33cd-93d51a7883e9\",\"type\":\"STRING\",\"children\":[]},{\"id\":\"397c5d63-88f7-22c0-ab57-3969d66d177d\",\"value\":\"isEmptyResumeFiles\",\"label\":\"isEmptyResumeFiles\",\"_uiId\":\"be0ce1b8-c0cf-04af-c872-9c40257db9eb\",\"type\":\"BOOL\",\"children\":[]}]}]},\"position\":{\"x\":-2620.8261373457435,\"y\":-913.6389252713188},\"targetPosition\":\"left\",\"sourcePosition\":\"right\",\"selected\":false,\"measured\":{\"width\":254,\"height\":128},\"dragging\":false}", "ExceptionHandling":{"Switch":"OFF", "MaxRetries":"3", "RetryInterval":"1", "AbnormalOutputResult":"", "HandleMethod":"EXCEPTION_OUTPUT", "NextNodeIDs":[]}}, {"NodeID":"c01965be-8917-ddce-a471-4cc93b0deff6", "NodeName":"条件判断1", "NodeDesc":"", "NodeType":"LOGIC_EVALUATOR", "LogicEvaluatorNodeData":{"Group":[{"NextNodeIDs":["7286fe8f-e4fa-0223-9e96-dcc566bb74e8"], "Logical":{"LogicalOperator":"UNSPECIFIED", "Compound":[], "Comparison":{"Left":{"InputType":"REFERENCE_OUTPUT", "Reference":{"NodeID":"fea0a1b9-df00-2557-1fe0-6e824ecb0905", "JsonPath":"Output.isEmptyResumeFiles"}}, "LeftType":"BOOL", "Operator":"EQ", "Right":{"InputType":"USER_INPUT", "UserInputValue":{"Values":["True"]}}, "MatchType":"SEMANTIC"}}}, {"NextNodeIDs":["d9f5059d-d8fe-10a7-0a36-4455babd11ff"]}]}, "Inputs":[], "Outputs":[], "NextNodeIDs":[], "NodeUI":"{\"data\":{\"content\":[{\"content\":[{\"leftStr\":\"将上传的文件转为url数组.Output.isEmptyResumeFiles\",\"rightStr\":\"True\",\"operatorStr\":\"=\"}],\"index\":0,\"id\":\"0b40e718-9c16-f77c-a5ab-9e2c097748bb\"},{\"content\":[],\"index\":1,\"id\":\"107c1962-47a4-17db-8d26-4e431b98af7c\"}],\"isHovering\":false,\"isParallel\":false,\"source\":true,\"target\":true,\"debug\":null,\"error\":false,\"output\":[{\"label\":\"Output\",\"desc\":\"输出内容\",\"optionType\":\"REFERENCE_OUTPUT\",\"type\":\"OBJECT\",\"children\":[]}]},\"position\":{\"x\":-2251,\"y\":-913},\"targetPosition\":\"left\",\"sourcePosition\":\"right\",\"selected\":false,\"measured\":{\"width\":254,\"height\":148},\"dragging\":false}"}, {"NodeID":"7286fe8f-e4fa-0223-9e96-dcc566bb74e8", "NodeName":"大模型1", "NodeDesc":"", "NodeType":"LLM", "LLMNodeData":{"ModelName":"workflow-pro", "Temperature":0, "TopP":0, "MaxTokens":0, "Prompt":"请结合之前与用户的对话记录及你的回复内容，与用户进行自然流畅的对话，准确理解{{message}}的具体含义并给予恰当回应，同时通过合理引导促使用户上传简历文件。", "SystemPrompt":"", "OutputFormat":"LLM_OUTPUT_TEXT", "ModelParams":{"Temperature":0, "TopP":0.8, "MaxTokens":4000, "StopSequences":[], "ReplyFormat":""}}, "Inputs":[{"Name":"message", "Type":"STRING", "Input":{"InputType":"REFERENCE_OUTPUT", "Reference":{"NodeID":"fea0a1b9-df00-2557-1fe0-6e824ecb0905", "JsonPath":"Output.message"}}, "Desc":"", "IsRequired":false, "SubInputs":[], "DefaultValue":"", "DefaultFileName":""}], "Outputs":[], "NextNodeIDs":["f5389939-b471-35f1-4c6a-8120fc276624"], "NodeUI":"{\"data\":{\"content\":\"输出：Output.Content, Output.Thought\",\"isHovering\":false,\"isParallel\":false,\"source\":true,\"target\":true,\"debug\":null,\"error\":false,\"output\":[{\"label\":\"Output\",\"desc\":\"输出内容\",\"optionType\":\"REFERENCE_OUTPUT\",\"type\":\"OBJECT\",\"children\":[]}],\"displayPrompt\":\"请结合之前与用户的对话记录及你的回复内容，与用户进行自然流畅的对话，准确理解<span data-w-e-type=\\\"slot\\\" data-w-e-is-void=\\\"\\\" data-w-e-is-inline=\\\"\\\" data-value=\\\"message\\\">{{message}}</span>的具体含义并给予恰当回应，同时通过合理引导促使用户上传简历文件。\"},\"position\":{\"x\":-1876,\"y\":-880},\"targetPosition\":\"left\",\"sourcePosition\":\"right\",\"selected\":true,\"measured\":{\"width\":254,\"height\":108},\"dragging\":false}", "ExceptionHandling":{"Switch":"OFF", "MaxRetries":"3", "RetryInterval":"1", "AbnormalOutputResult":"", "HandleMethod":"EXCEPTION_OUTPUT", "NextNodeIDs":[]}}, {"NodeID":"f5389939-b471-35f1-4c6a-8120fc276624", "NodeName":"将评审的数据信息存储在数据库1", "NodeDesc":"", "NodeType":"TOOL", "ToolNodeData":{"API":{"URL":"https://mcs.u3w.com/api/chat/workflow/callback", "Method":"POST", "authType":"NONE", "KeyLocation":"HEADER", "KeyParamName":"", "KeyParamValue":"", "CallingMethod":"NON_STREAMING"}, "Header":[], "Query":[], "Body":[{"ParamName":"result", "ParamDesc":"", "ParamType":"STRING", "Input":{"InputType":"REFERENCE_OUTPUT", "Reference":{"NodeID":"7286fe8f-e4fa-0223-9e96-dcc566bb74e8", "JsonPath":"Output.Content"}}, "IsRequired":false, "SubParams":[], "IsSecretField":false, "ParamTypeOf":[]}, {"ParamName":"sessionId", "ParamDesc":"", "ParamType":"STRING", "Input":{"InputType":"REFERENCE_OUTPUT", "Reference":{"NodeID":"fea0a1b9-df00-2557-1fe0-6e824ecb0905", "JsonPath":"Output.sessionId"}}, "IsRequired":false, "SubParams":[], "IsSecretField":false, "ParamTypeOf":[]}, {"ParamName":"messageId", "ParamDesc":"", "ParamType":"STRING", "Input":{"InputType":"SYSTEM_VARIABLE", "SystemVariable":{"Name":"SYS.RequestId", "DialogHistoryLimit":15}}, "IsRequired":false, "SubParams":[], "IsSecretField":false, "ParamTypeOf":[]}], "RawText":"", "ToolBodyType":"JSON", "Input":[], "ToolOutputFormatVersion":0}, "Inputs":[], "Outputs":[{"Title":"Output", "Type":"OBJECT", "Required":[], "Properties":[{"Title":"msg", "Type":"STRING", "Required":[], "Properties":[], "Desc":"", "AnalysisMethod":"COVER"}], "Desc":"输出内容", "AnalysisMethod":"COVER"}], "NextNodeIDs":["4fe8655a-5652-ae75-61f7-c8ba1c071cce"], "NodeUI":"{\"data\":{\"content\":{\"inputs\":[\"result\",\"sessionId\",\"messageId\"],\"outputs\":[\"Output\",\"Output.msg\"]},\"isHovering\":false,\"isParallel\":false,\"source\":true,\"target\":true,\"debug\":null,\"error\":false,\"output\":[{\"id\":\"c2ed9b94-d2c6-d833-677f-6b57941716cd\",\"value\":\"Output\",\"label\":\"Output\",\"_uiId\":\"610c5787-04b3-3072-7dd4-8962ce412166\",\"type\":\"OBJECT\",\"children\":[{\"id\":\"8279c71a-7d7a-9d9a-fe09-4d337ccae1b5\",\"value\":\"msg\",\"label\":\"msg\",\"_uiId\":\"a6bab9d6-bc5a-3486-bd99-5798f8c373db\",\"type\":\"STRING\",\"children\":[]}]}]},\"position\":{\"x\":-1467.763653812798,\"y\":-882.5268277736482},\"targetPosition\":\"left\",\"sourcePosition\":\"right\",\"selected\":false,\"measured\":{\"width\":254,\"height\":128},\"dragging\":false}", "ExceptionHandling":{"Switch":"OFF", "MaxRetries":"3", "RetryInterval":"1", "AbnormalOutputResult":"", "HandleMethod":"EXCEPTION_OUTPUT", "NextNodeIDs":[]}}], "Edge":"[{\"source\":\"18ddbd05-8210-f8d2-ba9d-580492ffb08e\",\"sourceHandle\":\"18ddbd05-8210-f8d2-ba9d-580492ffb08e-source\",\"target\":\"fea0a1b9-df00-2557-1fe0-6e824ecb0905\",\"targetHandle\":\"fea0a1b9-df00-2557-1fe0-6e824ecb0905-target\",\"type\":\"custom\",\"data\":{\"connectedNodeIsHovering\":false,\"error\":false,\"isHovering\":false},\"id\":\"xy-edge__18ddbd05-8210-f8d2-ba9d-580492ffb08e18ddbd05-8210-f8d2-ba9d-580492ffb08e-source-fea0a1b9-df00-2557-1fe0-6e824ecb0905fea0a1b9-df00-2557-1fe0-6e824ecb0905-target\",\"selected\":false,\"animated\":false},{\"source\":\"d9f5059d-d8fe-10a7-0a36-4455babd11ff\",\"sourceHandle\":\"d9f5059d-d8fe-10a7-0a36-4455babd11ff-source\",\"target\":\"9883760b-759b-7da4-9381-1dea3b1a9ee5\",\"targetHandle\":\"9883760b-759b-7da4-9381-1dea3b1a9ee5-target\",\"type\":\"custom\",\"data\":{\"connectedNodeIsHovering\":false,\"error\":false,\"isHovering\":false},\"id\":\"xy-edge__d9f5059d-d8fe-10a7-0a36-4455babd11ffd9f5059d-d8fe-10a7-0a36-4455babd11ff-source-9883760b-759b-7da4-9381-1dea3b1a9ee59883760b-759b-7da4-9381-1dea3b1a9ee5-target\",\"animated\":false,\"selected\":false},{\"source\":\"c3884ec4-b718-037f-8da3-b18394e92d01\",\"sourceHandle\":\"c3884ec4-b718-037f-8da3-b18394e92d01-source\",\"target\":\"4fe8655a-5652-ae75-61f7-c8ba1c071cce\",\"targetHandle\":\"4fe8655a-5652-ae75-61f7-c8ba1c071cce-target\",\"type\":\"custom\",\"data\":{\"connectedNodeIsHovering\":false,\"error\":false,\"isHovering\":false},\"id\":\"xy-edge__c3884ec4-b718-037f-8da3-b18394e92d01c3884ec4-b718-037f-8da3-b18394e92d01-source-4fe8655a-5652-ae75-61f7-c8ba1c071cce4fe8655a-5652-ae75-61f7-c8ba1c071cce-target\",\"selected\":false,\"animated\":false},{\"source\":\"9883760b-759b-7da4-9381-1dea3b1a9ee5\",\"sourceHandle\":\"9883760b-759b-7da4-9381-1dea3b1a9ee5-source\",\"target\":\"c3884ec4-b718-037f-8da3-b18394e92d01\",\"targetHandle\":\"c3884ec4-b718-037f-8da3-b18394e92d01-target\",\"type\":\"custom\",\"data\":{\"connectedNodeIsHovering\":false,\"error\":false,\"isHovering\":false},\"id\":\"xy-edge__9883760b-759b-7da4-9381-1dea3b1a9ee59883760b-759b-7da4-9381-1dea3b1a9ee5-source-c3884ec4-b718-037f-8da3-b18394e92d01c3884ec4-b718-037f-8da3-b18394e92d01-target\",\"selected\":false,\"animated\":false},{\"source\":\"fea0a1b9-df00-2557-1fe0-6e824ecb0905\",\"sourceHandle\":\"fea0a1b9-df00-2557-1fe0-6e824ecb0905-source\",\"target\":\"c01965be-8917-ddce-a471-4cc93b0deff6\",\"targetHandle\":\"c01965be-8917-ddce-a471-4cc93b0deff6-target\",\"type\":\"custom\",\"data\":{\"connectedNodeIsHovering\":false,\"error\":false,\"isHovering\":false},\"id\":\"xy-edge__fea0a1b9-df00-2557-1fe0-6e824ecb0905fea0a1b9-df00-2557-1fe0-6e824ecb0905-source-c01965be-8917-ddce-a471-4cc93b0deff6c01965be-8917-ddce-a471-4cc93b0deff6-target\",\"selected\":false,\"animated\":false},{\"source\":\"c01965be-8917-ddce-a471-4cc93b0deff6\",\"sourceHandle\":\"c01965be-8917-ddce-a471-4cc93b0deff6.107c1962-47a4-17db-8d26-4e431b98af7c-source\",\"target\":\"d9f5059d-d8fe-10a7-0a36-4455babd11ff\",\"targetHandle\":\"d9f5059d-d8fe-10a7-0a36-4455babd11ff-target\",\"type\":\"custom\",\"data\":{\"connectedNodeIsHovering\":false,\"error\":false,\"isHovering\":false},\"id\":\"xy-edge__c01965be-8917-ddce-a471-4cc93b0deff6c01965be-8917-ddce-a471-4cc93b0deff6.107c1962-47a4-17db-8d26-4e431b98af7c-source-d9f5059d-d8fe-10a7-0a36-4455babd11ffd9f5059d-d8fe-10a7-0a36-4455babd11ff-target\",\"selected\":false,\"animated\":false},{\"source\":\"c01965be-8917-ddce-a471-4cc93b0deff6\",\"sourceHandle\":\"c01965be-8917-ddce-a471-4cc93b0deff6.0b40e718-9c16-f77c-a5ab-9e2c097748bb-source\",\"target\":\"7286fe8f-e4fa-0223-9e96-dcc566bb74e8\",\"targetHandle\":\"7286fe8f-e4fa-0223-9e96-dcc566bb74e8-target\",\"type\":\"custom\",\"data\":{\"connectedNodeIsHovering\":false,\"error\":false,\"isHovering\":false},\"id\":\"xy-edge__c01965be-8917-ddce-a471-4cc93b0deff6c01965be-8917-ddce-a471-4cc93b0deff6.0b40e718-9c16-f77c-a5ab-9e2c097748bb-source-7286fe8f-e4fa-0223-9e96-dcc566bb74e87286fe8f-e4fa-0223-9e96-dcc566bb74e8-target\",\"selected\":false,\"animated\":false},{\"source\":\"7286fe8f-e4fa-0223-9e96-dcc566bb74e8\",\"sourceHandle\":\"7286fe8f-e4fa-0223-9e96-dcc566bb74e8-source\",\"target\":\"f5389939-b471-35f1-4c6a-8120fc276624\",\"targetHandle\":\"f5389939-b471-35f1-4c6a-8120fc276624-target\",\"type\":\"custom\",\"data\":{\"connectedNodeIsHovering\":false,\"error\":false,\"isHovering\":false},\"id\":\"xy-edge__7286fe8f-e4fa-0223-9e96-dcc566bb74e87286fe8f-e4fa-0223-9e96-dcc566bb74e8-source-f5389939-b471-35f1-4c6a-8120fc276624f5389939-b471-35f1-4c6a-8120fc276624-target\",\"selected\":false,\"animated\":false},{\"source\":\"f5389939-b471-35f1-4c6a-8120fc276624\",\"sourceHandle\":\"f5389939-b471-35f1-4c6a-8120fc276624-source\",\"target\":\"4fe8655a-5652-ae75-61f7-c8ba1c071cce\",\"targetHandle\":\"4fe8655a-5652-ae75-61f7-c8ba1c071cce-target\",\"type\":\"custom\",\"data\":{\"connectedNodeIsHovering\":false,\"error\":false,\"isHovering\":false},\"id\":\"xy-edge__f5389939-b471-35f1-4c6a-8120fc276624f5389939-b471-35f1-4c6a-8120fc276624-source-4fe8655a-5652-ae75-61f7-c8ba1c071cce4fe8655a-5652-ae75-61f7-c8ba1c071cce-target\",\"selected\":false,\"animated\":false}]", "Mode":"NORMAL", "ReleaseTime":""}