{"ProtoVersion":"V2_6", "WorkflowID":"8e589d37-ff8b-48b7-ba8e-666ddf64675d", "WorkflowName":"AI-HR智能助手", "WorkflowDesc":"任务描述: 当HR或面试官需批量上传或输入多位候选人简历，依据特定岗位的详细职责、技能、经验等要求，全面综合比对后，筛选出与岗位匹配度最高的前几位候选人时，触发此简历评审流程。\n示例问题: \"帮我比较这三份简历，看哪个最适合Java后端开发岗位。\"、\"我这里有5份简历，请根据产品经理职位描述筛选出最合适的前3名。\"、\"对这几份简历进行评审，得出最终的评审结果\"", "Nodes":[{"NodeID":"18ddbd05-8210-f8d2-ba9d-580492ffb08e", "NodeName":"开始", "NodeDesc":"", "NodeType":"START", "StartNodeData":{"WorkflowParams":[]}, "Inputs":[], "Outputs":[], "NextNodeIDs":["fea0a1b9-df00-2557-1fe0-6e824ecb0905"], "NodeUI":"{\"data\":{\"content\":{\"inputs\":[]},\"isHovering\":false,\"isParallel\":false,\"source\":false,\"target\":true,\"debug\":null,\"error\":false,\"output\":[]},\"position\":{\"x\":-2668.5409700713867,\"y\":-622.8517630027239},\"targetPosition\":\"left\",\"sourcePosition\":\"right\",\"selected\":false,\"measured\":{\"width\":254,\"height\":88},\"dragging\":false}"}, {"NodeID":"4fe8655a-5652-ae75-61f7-c8ba1c071cce", "NodeName":"结束", "NodeDesc":"", "NodeType":"END", "Inputs":[], "Outputs":[{"Title":"Output", "Type":"OBJECT", "Required":[], "Properties":[{"Title":"msg", "Type":"STRING", "Required":[], "Properties":[], "Desc":"", "Value":{"InputType":"REFERENCE_OUTPUT", "Reference":{"NodeID":"c3884ec4-b718-037f-8da3-b18394e92d01", "JsonPath":"Output.msg"}}, "AnalysisMethod":"COVER"}, {"Title":"flag", "Type":"STRING", "Required":[], "Properties":[], "Desc":"", "Value":{"InputType":"USER_INPUT", "UserInputValue":{"Values":["true"]}}, "AnalysisMethod":"COVER"}], "Desc":"输出内容", "AnalysisMethod":"COVER"}], "NextNodeIDs":[], "NodeUI":"{\"data\":{\"content\":{\"outputs\":[\"Output\",\"Output.msg\",\"Output.flag\"]},\"isHovering\":false,\"isParallel\":false,\"source\":true,\"target\":false,\"debug\":null,\"error\":false,\"output\":[{\"id\":\"f8bdb87b-ecbd-25e2-5b87-86ac47521c3a\",\"value\":\"Output\",\"label\":\"Output\",\"_uiId\":\"d4a0ac63-35f8-fe7a-b440-affa195aba48\",\"type\":\"OBJECT\",\"children\":[{\"id\":\"6879ee85-f1e4-1d48-d2e9-3bf194a2e702\",\"value\":\"msg\",\"label\":\"msg\",\"_uiId\":\"ef1f541e-23a6-da96-abee-d2bf1f9c9831\",\"type\":\"OBJECT\",\"children\":[]},{\"id\":\"35cc6ae3-49a2-927b-f1ff-fefa11b24bea\",\"value\":\"flag\",\"label\":\"flag\",\"_uiId\":\"75148963-571b-7952-d029-e690ccf469c7\",\"type\":\"STRING\",\"children\":[]}]}]},\"position\":{\"x\":-625.4907393066494,\"y\":-624.2316937721176},\"targetPosition\":\"left\",\"sourcePosition\":\"right\",\"selected\":false,\"measured\":{\"width\":254,\"height\":108},\"dragging\":false}"}, {"NodeID":"9883760b-759b-7da4-9381-1dea3b1a9ee5", "NodeName":"潜力眼", "NodeDesc":"", "NodeType":"LLM_KNOWLEDGE_QA", "LLMKnowledgeQANodeData":{"Query":"请提供{{user_requirements}}和{{answer}}简历文本，我将立即开始分析。", "ModelName":"cs-normal-70b", "Filter":"ALL", "DocIDs":[], "DocBizIDs":[], "AllQA":false, "DocRecallCount":10, "DocConfidence":0.01, "QARecallCount":3, "QAConfidence":0.7, "SearchStrategy":{"StrategyType":"MIXING", "TableEnhancement":false}, "AllKnowledge":true, "KnowledgeList":[{"KnowledgeBizID":"", "KnowledgeType":"DEFAULT", "Filter":"ALL", "CateIDs":[], "CateBizIDs":[], "DocIDs":[], "DocBizIDs":[], "AllQA":false, "Labels":{"Operator":"AND", "Labels":[]}}], "SystemPrompt":"请按照用户要求，对上传的简历文件逐一进行分析与对比，每份简历需独立输出其具体内容，并明确标注其中的人名，同时为每份简历提供独立的评价。", "ModelParams":{"Temperature":0.7, "TopP":0.6, "MaxTokens":4000, "StopSequences":[], "ReplyFormat":""}}, "Inputs":[{"Name":"user_requirements", "Type":"STRING", "Input":{"InputType":"REFERENCE_OUTPUT", "Reference":{"NodeID":"fea0a1b9-df00-2557-1fe0-6e824ecb0905", "JsonPath":"Output.message"}}, "Desc":"", "IsRequired":false, "SubInputs":[], "DefaultValue":"", "DefaultFileName":""}, {"Name":"answer", "Type":"ARRAY_OBJECT", "Input":{"InputType":"REFERENCE_OUTPUT", "Reference":{"NodeID":"d9f5059d-d8fe-10a7-0a36-4455babd11ff", "JsonPath":"Output.Results"}}, "Desc":"", "IsRequired":false, "SubInputs":[], "DefaultValue":"", "DefaultFileName":""}], "Outputs":[], "NextNodeIDs":["c3884ec4-b718-037f-8da3-b18394e92d01"], "NodeUI":"{\"data\":{\"content\":\"用户问题：请提供{{user_requirements}}和{{answer}}简历文本，我将立即开始分析。\",\"isHovering\":false,\"isParallel\":false,\"source\":true,\"target\":true,\"debug\":null,\"error\":false,\"output\":[{\"label\":\"Output\",\"desc\":\"输出内容\",\"optionType\":\"REFERENCE_OUTPUT\",\"type\":\"OBJECT\",\"children\":[]}],\"displayPrompt\":\"<p>请提供<span data-w-e-type=\\\"slot\\\" data-w-e-is-void=\\\"\\\" data-w-e-is-inline=\\\"\\\" data-value=\\\"user_requirements\\\">{{user_requirements}}</span>和<span data-w-e-type=\\\"slot\\\" data-w-e-is-void=\\\"\\\" data-w-e-is-inline=\\\"\\\" data-value=\\\"answer\\\">{{answer}}</span>简历文本，我将立即开始分析。</p>\"},\"position\":{\"x\":-1417.5853548828277,\"y\":-622.597695288654},\"targetPosition\":\"left\",\"sourcePosition\":\"right\",\"selected\":false,\"measured\":{\"width\":254,\"height\":128},\"dragging\":false}", "ExceptionHandling":{"Switch":"OFF", "MaxRetries":"3", "RetryInterval":"1", "AbnormalOutputResult":"", "HandleMethod":"EXCEPTION_OUTPUT", "NextNodeIDs":[]}}, {"NodeID":"d9f5059d-d8fe-10a7-0a36-4455babd11ff", "NodeName":"循环子节点，解析URL", "NodeDesc":"", "NodeType":"ITERATION", "IterationNodeData":{"BodyType":"WORKFLOW", "WorkflowID":"3484dbc0-3a19-4457-9dd9-9b72819e0690", "RefInputs":[{"Name":"resumeFile", "Type":"STRING", "Input":{"InputType":"NODE_INPUT_PARAM", "NodeInputParamName":"resumeFiles.Item"}, "Desc":"", "IsRequired":true, "SubInputs":[], "DefaultValue":"", "DefaultFileName":""}], "IterationMode":"ALL", "Condition":{"LogicalOperator":"UNSPECIFIED", "Compound":[], "Comparison":{"Left":{"InputType":"CUSTOM_VARIABLE", "CustomVarID":""}, "LeftType":"STRING", "Operator":"UNSPECIFIED", "Right":{"InputType":"CUSTOM_VARIABLE", "CustomVarID":""}, "MatchType":"SEMANTIC"}}, "SpecifiedTraversalVariable":"resumeFiles", "EnableChatHistory":false}, "Inputs":[{"Name":"resumeFiles", "Type":"ARRAY_STRING", "Input":{"InputType":"REFERENCE_OUTPUT", "Reference":{"NodeID":"fea0a1b9-df00-2557-1fe0-6e824ecb0905", "JsonPath":"Output.resumeFiles"}}, "Desc":"", "IsRequired":false, "SubInputs":[], "DefaultValue":"", "DefaultFileName":""}], "Outputs":[], "NextNodeIDs":["9883760b-759b-7da4-9381-1dea3b1a9ee5"], "NodeUI":"{\"data\":{\"content\":{\"iterationType\":\"遍历全部元素\",\"workflowRefNodeName\":\"AI-HR智能助手【子节点】\"},\"isHovering\":false,\"isParallel\":false,\"source\":true,\"target\":true,\"debug\":null,\"error\":false,\"output\":[{\"label\":\"Output\",\"desc\":\"输出内容\",\"optionType\":\"REFERENCE_OUTPUT\",\"type\":\"OBJECT\",\"children\":[]}]},\"position\":{\"x\":-1834.0000002272313,\"y\":-623.9999998553983},\"targetPosition\":\"left\",\"sourcePosition\":\"right\",\"selected\":false,\"measured\":{\"width\":254,\"height\":128},\"dragging\":false}"}, {"NodeID":"c3884ec4-b718-037f-8da3-b18394e92d01", "NodeName":"将评审的数据信息存储在数据库", "NodeDesc":"", "NodeType":"TOOL", "ToolNodeData":{"API":{"URL":"https://mcs.u3w.com/api/chat/workflow/callback", "Method":"POST", "authType":"NONE", "KeyLocation":"HEADER", "KeyParamName":"", "KeyParamValue":"", "CallingMethod":"NON_STREAMING"}, "Header":[], "Query":[], "Body":[{"ParamName":"result", "ParamDesc":"", "ParamType":"STRING", "Input":{"InputType":"REFERENCE_OUTPUT", "Reference":{"NodeID":"9883760b-759b-7da4-9381-1dea3b1a9ee5", "JsonPath":"Output.Answer"}}, "IsRequired":false, "SubParams":[], "IsSecretField":false, "ParamTypeOf":[]}, {"ParamName":"sessionId", "ParamDesc":"", "ParamType":"STRING", "Input":{"InputType":"REFERENCE_OUTPUT", "Reference":{"NodeID":"fea0a1b9-df00-2557-1fe0-6e824ecb0905", "JsonPath":"Output.sessionId"}}, "IsRequired":false, "SubParams":[], "IsSecretField":false, "ParamTypeOf":[]}, {"ParamName":"messageId", "ParamDesc":"", "ParamType":"STRING", "Input":{"InputType":"SYSTEM_VARIABLE", "SystemVariable":{"Name":"SYS.RequestId", "DialogHistoryLimit":15}}, "IsRequired":false, "SubParams":[], "IsSecretField":false, "ParamTypeOf":[]}], "RawText":"", "ToolBodyType":"JSON", "Input":[], "ToolOutputFormatVersion":0}, "Inputs":[], "Outputs":[{"Title":"Output", "Type":"OBJECT", "Required":[], "Properties":[{"Title":"msg", "Type":"STRING", "Required":[], "Properties":[], "Desc":"", "AnalysisMethod":"COVER"}], "Desc":"输出内容", "AnalysisMethod":"COVER"}], "NextNodeIDs":["4fe8655a-5652-ae75-61f7-c8ba1c071cce"], "NodeUI":"{\"data\":{\"content\":{\"inputs\":[\"result\",\"sessionId\",\"messageId\"],\"outputs\":[\"Output\",\"Output.msg\"]},\"isHovering\":false,\"isParallel\":false,\"source\":true,\"target\":true,\"debug\":null,\"error\":false,\"output\":[{\"id\":\"f017a6de-45d3-33e7-a8ba-eaa3e2fa2f66\",\"value\":\"Output\",\"label\":\"Output\",\"_uiId\":\"08a67157-a121-853b-31d8-4b8467ac365e\",\"type\":\"OBJECT\",\"children\":[{\"id\":\"43359b57-69c9-08fe-df21-2ee362de2792\",\"value\":\"msg\",\"label\":\"msg\",\"_uiId\":\"b36ed91e-06b0-0b65-30e5-ae6012f7f46b\",\"type\":\"STRING\",\"children\":[]}]}]},\"position\":{\"x\":-1042.763653812798,\"y\":-624.5268277736482},\"targetPosition\":\"left\",\"sourcePosition\":\"right\",\"selected\":false,\"measured\":{\"width\":254,\"height\":128},\"dragging\":false}", "ExceptionHandling":{"Switch":"OFF", "MaxRetries":"3", "RetryInterval":"1", "AbnormalOutputResult":"", "HandleMethod":"EXCEPTION_OUTPUT", "NextNodeIDs":[]}}, {"NodeID":"fea0a1b9-df00-2557-1fe0-6e824ecb0905", "NodeName":"将上传的文件转为url数组", "NodeDesc":"", "NodeType":"CODE_EXECUTOR", "CodeExecutorNodeData":{"Code":"import re\nimport json\nfrom typing import Dict, List, Any\n\ndef main(params: dict) -> Dict[str, Any]:\n    \"\"\"\n    处理输入参数，提取所需的sessionId、消息和resumeFiles数组\n    \"\"\"\n    try:\n        # 1. 获取用户查询\n        user_query = params.get('user_query', '') or params.get('UserQuery', '') or params.get('query', '')\n        \n        if not user_query:\n            # 如果参数中没有user_query，尝试从其他字段查找\n            for key, value in params.items():\n                if isinstance(value, str) and ('[SID:' in value or '[RESUMES:' in value):\n                    user_query = value\n                    break\n        \n        if not user_query:\n            # 如果仍然没有找到，将整个参数字典转为字符串\n            user_query = str(params)\n        \n        print(f\"原始输入: {user_query[:200]}...\")\n        \n        # 2. 提取SID\n        session_id = \"\"\n        sid_match = re.search(r'\\[SID:([^\\]]+)\\]', user_query)\n        if sid_match:\n            session_id = sid_match.group(1)\n            print(f\"提取到SID: {session_id}\")\n        \n        # 3. 提取消息文本\n        message_text = \"\"\n        \n        # 先移除SID部分\n        temp_str = re.sub(r'\\[SID:[^\\]]+\\]', '', user_query)\n        \n        # 再移除RESUMES部分\n        temp_str = re.sub(r'\\[RESUMES?:[^\\]]+\\]', '', temp_str, flags=re.IGNORECASE)\n        \n        # 清理空白字符\n        message_text = temp_str.strip()\n        \n        # 如果消息为空，尝试从常见字段获取\n        if not message_text:\n            for field in ['message', 'content', 'text', 'query', 'input']:\n                if field in params and params[field]:\n                    message_text = str(params[field]).strip()\n                    if message_text:\n                        break\n        \n        print(f\"提取到消息: {message_text[:100]}...\")\n        \n        # 4. 提取文件URL数组\n        resume_files = []\n        \n        # 从[RESUMES:...]中提取URL\n        resumes_match = re.search(r'\\[RESUMES?:([^\\]]+)\\]', user_query, re.IGNORECASE)\n        if resumes_match:\n            urls_str = resumes_match.group(1)\n            # 按逗号分割URL\n            urls = [url.strip() for url in urls_str.split(',') if url.strip()]\n            resume_files.extend(urls)\n            print(f\"从[RESUMES]提取到{len(urls)}个文件URL\")\n        \n        # 如果没有从[RESUMES]中找到，尝试从字符串中提取所有URL\n        if not resume_files:\n            url_pattern = r'https?://[^\\s,;]+'\n            all_urls = re.findall(url_pattern, user_query)\n            # 过滤出可能是文件URL的链接\n            file_urls = [url for url in all_urls if any(ext in url.lower() for ext in ['.pdf', '.doc', '.docx', '.txt', '.rtf', '.jpg', '.png', '.jpeg'])]\n            resume_files.extend(file_urls)\n        \n        # 5. 返回结果\n        result = {\n            \"sessionId\": session_id,\n            \"message\": message_text,\n            \"resumeFiles\": resume_files\n        }\n        \n        print(f\"解析结果: sessionId={session_id}, 消息长度={len(message_text)}, 简历文件数={len(resume_files)}\")\n        \n        return result\n        \n    except Exception as e:\n        print(f\"处理参数时出错: {str(e)}\")\n        return {\n            \"sessionId\": \"\",\n            \"message\": f\"处理参数时出错: {str(e)}\",\n            \"resumeFiles\": []\n        }", "Language":"PYTHON3"}, "Inputs":[{"Name":"user_query", "Type":"STRING", "Input":{"InputType":"SYSTEM_VARIABLE", "SystemVariable":{"Name":"SYS.UserQuery", "DialogHistoryLimit":15}}, "Desc":"", "IsRequired":false, "SubInputs":[], "DefaultValue":"", "DefaultFileName":""}], "Outputs":[{"Title":"Output", "Type":"OBJECT", "Required":[], "Properties":[{"Title":"resumeFiles", "Type":"ARRAY_STRING", "Required":[], "Properties":[], "Desc":"", "AnalysisMethod":"COVER"}, {"Title":"sessionId", "Type":"STRING", "Required":[], "Properties":[], "Desc":"", "AnalysisMethod":"COVER"}, {"Title":"message", "Type":"STRING", "Required":[], "Properties":[], "Desc":"", "AnalysisMethod":"COVER"}], "Desc":"输出内容", "AnalysisMethod":"COVER"}], "NextNodeIDs":["d9f5059d-d8fe-10a7-0a36-4455babd11ff"], "NodeUI":"{\"data\":{\"content\":{\"outputs\":[\"Output\",\"Output.resumeFiles\",\"Output.sessionId\",\"Output.message\"],\"inputs\":[\"user_query\"]},\"isHovering\":false,\"isParallel\":false,\"source\":true,\"target\":true,\"debug\":null,\"error\":false,\"output\":[{\"id\":\"99167d52-d88f-2a1e-8ae4-80617feed2ab\",\"value\":\"Output\",\"label\":\"Output\",\"_uiId\":\"e070a8dd-e36a-9897-648e-692bc1369120\",\"type\":\"OBJECT\",\"children\":[{\"id\":\"8a237e96-8f6e-5673-bb02-0c5570a3ab56\",\"value\":\"resumeFiles\",\"label\":\"resumeFiles\",\"_uiId\":\"b1abf25b-7b74-038e-1e6b-7f6fc88f7024\",\"type\":\"ARRAY_STRING\",\"children\":[]},{\"id\":\"83eb5764-a58f-24ed-e945-5f4b174ce94e\",\"value\":\"sessionId\",\"label\":\"sessionId\",\"_uiId\":\"1b987b7f-0746-d6b9-74c2-dd6352e05404\",\"type\":\"STRING\",\"children\":[]},{\"id\":\"b02ddb6d-9f04-ccd8-3c8f-b9bacfe9793d\",\"value\":\"message\",\"label\":\"message\",\"_uiId\":\"d259dd4f-0500-1b19-bf46-3b8e78e323cb\",\"type\":\"STRING\",\"children\":[]}]}]},\"position\":{\"x\":-2246.8261373457435,\"y\":-622.6389252713188},\"targetPosition\":\"left\",\"sourcePosition\":\"right\",\"selected\":false,\"measured\":{\"width\":254,\"height\":128},\"dragging\":false}", "ExceptionHandling":{"Switch":"OFF", "MaxRetries":"3", "RetryInterval":"1", "AbnormalOutputResult":"", "HandleMethod":"EXCEPTION_OUTPUT", "NextNodeIDs":[]}}], "Edge":"[{\"source\":\"18ddbd05-8210-f8d2-ba9d-580492ffb08e\",\"sourceHandle\":\"18ddbd05-8210-f8d2-ba9d-580492ffb08e-source\",\"target\":\"fea0a1b9-df00-2557-1fe0-6e824ecb0905\",\"targetHandle\":\"fea0a1b9-df00-2557-1fe0-6e824ecb0905-target\",\"type\":\"custom\",\"data\":{\"connectedNodeIsHovering\":false,\"error\":false,\"isHovering\":false},\"id\":\"xy-edge__18ddbd05-8210-f8d2-ba9d-580492ffb08e18ddbd05-8210-f8d2-ba9d-580492ffb08e-source-fea0a1b9-df00-2557-1fe0-6e824ecb0905fea0a1b9-df00-2557-1fe0-6e824ecb0905-target\",\"selected\":false,\"animated\":false},{\"source\":\"d9f5059d-d8fe-10a7-0a36-4455babd11ff\",\"sourceHandle\":\"d9f5059d-d8fe-10a7-0a36-4455babd11ff-source\",\"target\":\"9883760b-759b-7da4-9381-1dea3b1a9ee5\",\"targetHandle\":\"9883760b-759b-7da4-9381-1dea3b1a9ee5-target\",\"type\":\"custom\",\"data\":{\"connectedNodeIsHovering\":false,\"error\":false,\"isHovering\":false},\"id\":\"xy-edge__d9f5059d-d8fe-10a7-0a36-4455babd11ffd9f5059d-d8fe-10a7-0a36-4455babd11ff-source-9883760b-759b-7da4-9381-1dea3b1a9ee59883760b-759b-7da4-9381-1dea3b1a9ee5-target\",\"animated\":false,\"selected\":false},{\"source\":\"c3884ec4-b718-037f-8da3-b18394e92d01\",\"sourceHandle\":\"c3884ec4-b718-037f-8da3-b18394e92d01-source\",\"target\":\"4fe8655a-5652-ae75-61f7-c8ba1c071cce\",\"targetHandle\":\"4fe8655a-5652-ae75-61f7-c8ba1c071cce-target\",\"type\":\"custom\",\"data\":{\"connectedNodeIsHovering\":false,\"error\":false,\"isHovering\":false},\"id\":\"xy-edge__c3884ec4-b718-037f-8da3-b18394e92d01c3884ec4-b718-037f-8da3-b18394e92d01-source-4fe8655a-5652-ae75-61f7-c8ba1c071cce4fe8655a-5652-ae75-61f7-c8ba1c071cce-target\",\"selected\":false,\"animated\":false},{\"source\":\"fea0a1b9-df00-2557-1fe0-6e824ecb0905\",\"sourceHandle\":\"fea0a1b9-df00-2557-1fe0-6e824ecb0905-source\",\"target\":\"d9f5059d-d8fe-10a7-0a36-4455babd11ff\",\"targetHandle\":\"d9f5059d-d8fe-10a7-0a36-4455babd11ff-target\",\"type\":\"custom\",\"data\":{\"connectedNodeIsHovering\":false,\"error\":false,\"isHovering\":false},\"id\":\"xy-edge__fea0a1b9-df00-2557-1fe0-6e824ecb0905fea0a1b9-df00-2557-1fe0-6e824ecb0905-source-d9f5059d-d8fe-10a7-0a36-4455babd11ffd9f5059d-d8fe-10a7-0a36-4455babd11ff-target\",\"selected\":false,\"animated\":false},{\"source\":\"9883760b-759b-7da4-9381-1dea3b1a9ee5\",\"sourceHandle\":\"9883760b-759b-7da4-9381-1dea3b1a9ee5-source\",\"target\":\"c3884ec4-b718-037f-8da3-b18394e92d01\",\"targetHandle\":\"c3884ec4-b718-037f-8da3-b18394e92d01-target\",\"type\":\"custom\",\"data\":{\"connectedNodeIsHovering\":false,\"error\":false,\"isHovering\":false},\"id\":\"xy-edge__9883760b-759b-7da4-9381-1dea3b1a9ee59883760b-759b-7da4-9381-1dea3b1a9ee5-source-c3884ec4-b718-037f-8da3-b18394e92d01c3884ec4-b718-037f-8da3-b18394e92d01-target\",\"selected\":false,\"animated\":false}]", "Mode":"NORMAL", "ReleaseTime":""}