{"ProtoVersion":"V2_6", "WorkflowID":"93c94299-ec8a-4b1c-9099-4ae04cb1718b", "WorkflowName":"处理企业微信对话", "WorkflowDesc":"任务描述: 当用户咨询以数字“2”开头（不论后续内容）的问题时，必须调用这个指定的工作流处理，且不优先通过知识库或大模型回复，仅通过该工作流响应。 示例问题: &#34;1你好&#34;、&#34;1今天天气怎么样&#34;、&#34;1发文章&#34;", "Nodes":[{"NodeID":"67e55890-0bf5-7d63-a646-801ca1cdc8d6", "NodeName":"开始", "NodeDesc":"", "NodeType":"START", "StartNodeData":{"WorkflowParams":[]}, "Inputs":[], "Outputs":[], "NextNodeIDs":["4272b53f-7d4d-da90-a993-61621df631f1"], "NodeUI":"{\"data\":{\"content\":{\"inputs\":[]},\"isHovering\":false,\"isParallel\":false,\"source\":false,\"target\":true,\"debug\":null,\"error\":false,\"output\":[]},\"position\":{\"x\":-1.5630481777543537,\"y\":189.15966131358283},\"targetPosition\":\"left\",\"sourcePosition\":\"right\",\"selected\":false,\"measured\":{\"width\":254,\"height\":88},\"dragging\":false}"}, {"NodeID":"ed074576-5f61-b01b-18c4-54ab37d26c04", "NodeName":"结束", "NodeDesc":"", "NodeType":"END", "Inputs":[], "Outputs":[{"Title":"Output", "Type":"OBJECT", "Required":[], "Properties":[], "Desc":"输出内容", "AnalysisMethod":"COVER"}], "NextNodeIDs":[], "NodeUI":"{\"data\":{\"content\":{\"outputs\":[\"Output\"]},\"isHovering\":false,\"isParallel\":false,\"source\":true,\"target\":false,\"debug\":null,\"error\":false,\"output\":[{\"id\":\"f0f72163-51a1-2abe-51f8-5b976af197c4\",\"value\":\"Output\",\"label\":\"Output\",\"_uiId\":\"b0844ab1-14fa-e480-3513-76ac23838b5c\",\"type\":\"OBJECT\",\"children\":[]}]},\"position\":{\"x\":1435,\"y\":194},\"targetPosition\":\"left\",\"sourcePosition\":\"right\",\"selected\":false,\"measured\":{\"width\":254,\"height\":88},\"dragging\":false}"}, {"NodeID":"2f100382-c9b5-5407-f5b9-2f729a4780f5", "NodeName":"大模型1", "NodeDesc":"", "NodeType":"LLM", "LLMNodeData":{"ModelName":"cs-normal-70b", "Temperature":0, "TopP":0, "MaxTokens":0, "Prompt":"跟用户进行正常的对话", "SystemPrompt":"", "OutputFormat":"LLM_OUTPUT_TEXT", "ModelParams":{"Temperature":0.7, "TopP":0.6, "MaxTokens":4000, "StopSequences":[], "ReplyFormat":""}}, "Inputs":[{"Name":"content", "Type":"STRING", "Input":{"InputType":"REFERENCE_OUTPUT", "Reference":{"NodeID":"4272b53f-7d4d-da90-a993-61621df631f1", "JsonPath":"Output.realMessage"}}, "Desc":"", "IsRequired":false, "SubInputs":[], "DefaultValue":"", "DefaultFileName":""}], "Outputs":[], "NextNodeIDs":["b3672a62-11a9-1ae8-71fd-1ccaac35f60b"], "NodeUI":"{\"data\":{\"content\":\"输出：Output.Content, Output.Thought\",\"isHovering\":false,\"isParallel\":false,\"source\":true,\"target\":true,\"debug\":null,\"error\":false,\"output\":[{\"label\":\"Output\",\"desc\":\"输出内容\",\"optionType\":\"REFERENCE_OUTPUT\",\"type\":\"OBJECT\",\"children\":[]}],\"displayPrompt\":\"<p>跟用户进行正常的对话</p>\"},\"position\":{\"x\":639.9781473474937,\"y\":151.38766922886742},\"targetPosition\":\"left\",\"sourcePosition\":\"right\",\"selected\":false,\"measured\":{\"width\":254,\"height\":108},\"dragging\":false}", "ExceptionHandling":{"Switch":"OFF", "MaxRetries":"3", "RetryInterval":"1", "AbnormalOutputResult":"", "HandleMethod":"EXCEPTION_OUTPUT", "NextNodeIDs":[]}}, {"NodeID":"b3672a62-11a9-1ae8-71fd-1ccaac35f60b", "NodeName":"将对话信息存储到数据库", "NodeDesc":"", "NodeType":"TOOL", "ToolNodeData":{"API":{"URL":"https://sfy.u3w.com/api/chat/workflow/callback", "Method":"POST", "authType":"NONE", "KeyLocation":"HEADER", "KeyParamName":"", "KeyParamValue":"", "CallingMethod":"NON_STREAMING"}, "Header":[], "Query":[], "Body":[{"ParamName":"sessionId", "ParamDesc":"", "ParamType":"STRING", "Input":{"InputType":"REFERENCE_OUTPUT", "Reference":{"NodeID":"4272b53f-7d4d-da90-a993-61621df631f1", "JsonPath":"Output.sessionId"}}, "IsRequired":false, "SubParams":[], "IsSecretField":false, "ParamTypeOf":[]}, {"ParamName":"content", "ParamDesc":"", "ParamType":"STRING", "Input":{"InputType":"REFERENCE_OUTPUT", "Reference":{"NodeID":"2f100382-c9b5-5407-f5b9-2f729a4780f5", "JsonPath":"Output.Content"}}, "IsRequired":false, "SubParams":[], "IsSecretField":false, "ParamTypeOf":[]}, {"ParamName":"messageId", "ParamDesc":"", "ParamType":"STRING", "Input":{"InputType":"SYSTEM_VARIABLE", "SystemVariable":{"Name":"SYS.RequestId", "DialogHistoryLimit":15}}, "IsRequired":false, "SubParams":[], "IsSecretField":false, "ParamTypeOf":[]}], "RawText":"", "ToolBodyType":"JSON", "Input":[], "ToolOutputFormatVersion":0}, "Inputs":[], "Outputs":[{"Title":"Output", "Type":"OBJECT", "Required":[], "Properties":[{"Title":"code", "Type":"INT", "Required":[], "Properties":[], "Desc":"", "AnalysisMethod":"COVER"}, {"Title":"message", "Type":"STRING", "Required":[], "Properties":[], "Desc":"", "AnalysisMethod":"COVER"}, {"Title":"union_id", "Type":"STRING", "Required":[], "Properties":[], "Desc":"", "AnalysisMethod":"COVER"}], "Desc":"输出内容", "AnalysisMethod":"COVER"}], "NextNodeIDs":["ed074576-5f61-b01b-18c4-54ab37d26c04"], "NodeUI":"{\"data\":{\"content\":{\"inputs\":[\"sessionId\",\"content\",\"messageId\"],\"outputs\":[\"Output\",\"Output.code\",\"Output.message\",\"Output.union_id\"]},\"isHovering\":false,\"isParallel\":false,\"source\":true,\"target\":true,\"debug\":null,\"error\":false,\"output\":[{\"id\":\"43f615f1-e523-8f47-7d1a-46bf9e8e3e4d\",\"value\":\"Output\",\"label\":\"Output\",\"_uiId\":\"7b82d827-eab2-05f9-c5de-faad5e402e76\",\"type\":\"OBJECT\",\"children\":[{\"id\":\"4c756b32-745e-7362-57ad-69ba06dfe95a\",\"value\":\"code\",\"label\":\"code\",\"_uiId\":\"113899b8-08f5-8761-67a8-b71f246b6b97\",\"type\":\"INT\",\"children\":[]},{\"id\":\"eae41553-c754-1868-49fd-f159b01ab062\",\"value\":\"message\",\"label\":\"message\",\"_uiId\":\"1eaffb82-b90f-5c60-dc67-b00f8137b653\",\"type\":\"STRING\",\"children\":[]},{\"id\":\"3218d229-434b-5555-9649-206fdcfbfa42\",\"value\":\"union_id\",\"label\":\"union_id\",\"_uiId\":\"c1d8525e-23b4-67c1-da71-159e3ecac634\",\"type\":\"STRING\",\"children\":[]}]}]},\"position\":{\"x\":1050,\"y\":215},\"targetPosition\":\"left\",\"sourcePosition\":\"right\",\"selected\":false,\"measured\":{\"width\":254,\"height\":144},\"dragging\":false}", "ExceptionHandling":{"Switch":"OFF", "MaxRetries":"3", "RetryInterval":"1", "AbnormalOutputResult":"", "HandleMethod":"EXCEPTION_OUTPUT", "NextNodeIDs":[]}}, {"NodeID":"4272b53f-7d4d-da90-a993-61621df631f1", "NodeName":"代码1", "NodeDesc":"", "NodeType":"CODE_EXECUTOR", "CodeExecutorNodeData":{"Code":"import json\nimport re\n\ndef main(params: dict) -> dict:\n    try:\n        # 获取用户输入（SYS.UserQuery）\n        user_query = params.get('user_query', '') or params.get('UserQuery', '') or params.get('query', '')\n        \n        # 如果上面都没有，尝试从其他可能的键获取\n        if not user_query:\n            for key in params:\n                if 'query' in key.lower() or 'input' in key.lower() or 'message' in key.lower():\n                    user_query = params.get(key, '')\n                    if user_query:\n                        break\n        \n        # 如果还是空，直接用整个params转字符串\n        if not user_query:\n            user_query = str(params)\n        \n        session_id = ''\n        real_message = user_query\n        \n        # 提取 [SID:xxx] 中的 sessionId\n        match = re.match(r'^\\[SID:([^\\]]+)\\]', str(user_query))\n        if match:\n            session_id = match.group(1)\n            real_message = re.sub(r'^\\[SID:[^\\]]+\\]', '', str(user_query))\n        \n        return {\n            'sessionId': session_id,\n            'realMessage': real_message,\n            'success': True,\n            'message': f'提取成功: sessionId={session_id}'\n        }\n        \n    except Exception as e:\n        # 容错：尝试从原始字符串中正则提取\n        try:\n            data_str = str(params)\n            match = re.search(r'\\[SID:([^\\]]+)\\]', data_str)\n            session_id = match.group(1) if match else ''\n            real_message = re.sub(r'\\[SID:[^\\]]+\\]', '', data_str)\n            \n            return {\n                'sessionId': session_id,\n                'realMessage': real_message,\n                'success': True,\n                'message': f'容错提取成功: sessionId={session_id}'\n            }\n        except:\n            pass\n        \n        return {\n            'sessionId': '',\n            'realMessage': str(params),\n            'success': False,\n            'message': f'提取失败: {str(e)}'\n        }", "Language":"PYTHON3"}, "Inputs":[{"Name":"user_query", "Type":"STRING", "Input":{"InputType":"SYSTEM_VARIABLE", "SystemVariable":{"Name":"SYS.UserQuery", "DialogHistoryLimit":15}}, "Desc":"", "IsRequired":false, "SubInputs":[], "DefaultValue":"", "DefaultFileName":""}], "Outputs":[{"Title":"Output", "Type":"OBJECT", "Required":[], "Properties":[{"Title":"sessionId", "Type":"STRING", "Required":[], "Properties":[], "Desc":"", "AnalysisMethod":"COVER"}, {"Title":"realMessage", "Type":"STRING", "Required":[], "Properties":[], "Desc":"", "AnalysisMethod":"COVER"}], "Desc":"输出内容", "AnalysisMethod":"COVER"}], "NextNodeIDs":["2f100382-c9b5-5407-f5b9-2f729a4780f5"], "NodeUI":"{\"data\":{\"content\":{\"outputs\":[\"Output\",\"Output.sessionId\",\"Output.realMessage\"],\"inputs\":[\"user_query\"]},\"isHovering\":false,\"isParallel\":false,\"source\":true,\"target\":true,\"debug\":null,\"error\":false,\"output\":[{\"id\":\"d5be00b3-00b5-94a4-d064-0f412ca2467a\",\"value\":\"Output\",\"label\":\"Output\",\"_uiId\":\"4b77236d-2eb0-0905-1f09-0f0c46f0266c\",\"type\":\"OBJECT\",\"children\":[{\"id\":\"9b5e9679-81ec-c7a7-dbeb-3c277bce52e1\",\"value\":\"sessionId\",\"label\":\"sessionId\",\"_uiId\":\"073df0d5-6aa5-30fc-d55e-24875870ac3d\",\"type\":\"STRING\",\"children\":[]},{\"id\":\"0cd91037-2d04-c134-274e-7bb73dd2a2f3\",\"value\":\"realMessage\",\"label\":\"realMessage\",\"_uiId\":\"b897c02f-9cfa-981f-12a9-4a4796af4f76\",\"type\":\"STRING\",\"children\":[]}]}]},\"position\":{\"x\":304.6610556356742,\"y\":174.8425696017634},\"targetPosition\":\"left\",\"sourcePosition\":\"right\",\"selected\":false,\"measured\":{\"width\":254,\"height\":128},\"dragging\":false}", "ExceptionHandling":{"Switch":"OFF", "MaxRetries":"3", "RetryInterval":"1", "AbnormalOutputResult":"", "HandleMethod":"EXCEPTION_OUTPUT", "NextNodeIDs":[]}}], "Edge":"[{\"source\":\"2f100382-c9b5-5407-f5b9-2f729a4780f5\",\"sourceHandle\":\"2f100382-c9b5-5407-f5b9-2f729a4780f5-source\",\"target\":\"b3672a62-11a9-1ae8-71fd-1ccaac35f60b\",\"targetHandle\":\"b3672a62-11a9-1ae8-71fd-1ccaac35f60b-target\",\"type\":\"custom\",\"data\":{\"connectedNodeIsHovering\":false,\"error\":false,\"isHovering\":false},\"id\":\"xy-edge__2f100382-c9b5-5407-f5b9-2f729a4780f52f100382-c9b5-5407-f5b9-2f729a4780f5-source-b3672a62-11a9-1ae8-71fd-1ccaac35f60bb3672a62-11a9-1ae8-71fd-1ccaac35f60b-target\",\"animated\":false,\"selected\":false},{\"source\":\"b3672a62-11a9-1ae8-71fd-1ccaac35f60b\",\"sourceHandle\":\"b3672a62-11a9-1ae8-71fd-1ccaac35f60b-source\",\"target\":\"ed074576-5f61-b01b-18c4-54ab37d26c04\",\"targetHandle\":\"ed074576-5f61-b01b-18c4-54ab37d26c04-target\",\"type\":\"custom\",\"data\":{\"connectedNodeIsHovering\":false,\"error\":false,\"isHovering\":false},\"id\":\"xy-edge__b3672a62-11a9-1ae8-71fd-1ccaac35f60bb3672a62-11a9-1ae8-71fd-1ccaac35f60b-source-ed074576-5f61-b01b-18c4-54ab37d26c04ed074576-5f61-b01b-18c4-54ab37d26c04-target\",\"animated\":false,\"selected\":false},{\"source\":\"67e55890-0bf5-7d63-a646-801ca1cdc8d6\",\"sourceHandle\":\"67e55890-0bf5-7d63-a646-801ca1cdc8d6-source\",\"target\":\"4272b53f-7d4d-da90-a993-61621df631f1\",\"targetHandle\":\"4272b53f-7d4d-da90-a993-61621df631f1-target\",\"type\":\"custom\",\"data\":{\"connectedNodeIsHovering\":false,\"error\":false,\"isHovering\":false},\"id\":\"xy-edge__67e55890-0bf5-7d63-a646-801ca1cdc8d667e55890-0bf5-7d63-a646-801ca1cdc8d6-source-4272b53f-7d4d-da90-a993-61621df631f14272b53f-7d4d-da90-a993-61621df631f1-target\",\"selected\":false,\"animated\":false},{\"source\":\"4272b53f-7d4d-da90-a993-61621df631f1\",\"sourceHandle\":\"4272b53f-7d4d-da90-a993-61621df631f1-source\",\"target\":\"2f100382-c9b5-5407-f5b9-2f729a4780f5\",\"targetHandle\":\"2f100382-c9b5-5407-f5b9-2f729a4780f5-target\",\"type\":\"custom\",\"data\":{\"connectedNodeIsHovering\":false,\"error\":false,\"isHovering\":false},\"id\":\"xy-edge__4272b53f-7d4d-da90-a993-61621df631f14272b53f-7d4d-da90-a993-61621df631f1-source-2f100382-c9b5-5407-f5b9-2f729a4780f52f100382-c9b5-5407-f5b9-2f729a4780f5-target\",\"selected\":false,\"animated\":false}]", "Mode":"NORMAL", "ReleaseTime":""}